<?xml version="1.0" encoding="UTF-8"?>
<project-private xmlns="http://www.netbeans.org/ns/project-private/1">
    <editor-bookmarks xmlns="http://www.netbeans.org/ns/editor-bookmarks/2" lastBookmarkId="0"/>
    <open-files xmlns="http://www.netbeans.org/ns/projectui-open-files/2">
        <group>
            <file>file:/C:/Users/playf/OneDrive/Documents/AlexandreUni_2021_2022/Semester1/SeniorDesign/GitHubFolder/HorseBrace_SeniorDesign/MPLABProj1/HorseBraceProj1.X/MainSource.c</file>
            <file>file:/C:/Users/playf/OneDrive/Documents/AlexandreUni_2021_2022/Semester1/SeniorDesign/GitHubFolder/HorseBrace_SeniorDesign/MPLABProj1/HorseBraceProj1.X/fat_m.c</file>
            <file>file:/C:/Users/playf/OneDrive/Documents/AlexandreUni_2021_2022/Semester1/SeniorDesign/GitHubFolder/HorseBrace_SeniorDesign/MPLABProj1/HorseBraceProj1.X/mmcsd_m.c</file>
        </group>
    </open-files>
</project-private>
